episode,density,ep_reward,ep_steps,captured,mean_reward_50,eval_capture_pct,elapsed_s
1,0.1,3.4618,870,1,3.4618,0.0,0.6
2,0.0,-2.3413,2000,0,0.5602,0.0,1.0
3,0.0,19.1717,875,1,6.7641,0.0,1.2
4,0.1,-24.4796,1220,1,-1.0468,0.0,2.0
5,0.05,11.9646,665,1,1.5555,0.0,2.2
6,0.0,17.929,1896,1,4.2844,0.0,2.6
7,0.0,-1.9765,2000,0,3.39,0.0,3.1
8,0.0,19.3508,696,1,5.3851,0.0,3.3
9,0.1,7.9803,799,1,5.6734,0.0,3.8
10,0.0,19.1597,887,1,7.0221,0.0,4.0
11,0.1,-68.6626,2000,0,0.1416,0.0,5.3
12,0.1,-16.0611,2000,0,-1.2086,0.0,6.8
13,0.1,-2.5206,1099,1,-1.3095,0.0,7.5
14,0.0,-1.9757,2000,0,-1.3571,0.0,7.9
15,0.1,17.8178,319,1,-0.0788,0.0,8.1
16,0.05,12.9082,357,1,0.7329,0.0,8.2
17,0.0,19.7878,259,1,1.8538,0.0,8.3
18,0.0,17.038,1883,1,2.6974,0.0,8.7
19,0.0,19.6848,362,1,3.5914,0.0,8.8
20,0.0,-1.9688,2000,0,3.3134,0.0,9.2
21,0.0,19.5278,519,1,4.0855,0.0,9.3
22,0.1,-11.6524,902,1,3.3702,0.0,9.8
23,0.1,8.7392,374,1,3.6036,0.0,10.0
24,0.0,19.4537,593,1,4.264,0.0,10.2
25,0.1,9.915,1773,1,4.4901,0.0,11.2
26,0.0,19.6727,374,1,5.074,0.0,11.3
27,0.1,7.907,857,1,5.1789,0.0,11.8
28,0.1,-24.6628,1691,1,4.1132,0.0,12.9
29,0.1,-3.9724,821,1,3.8344,0.0,13.4
30,0.1,-0.4649,1472,1,3.691,0.0,14.3
31,0.05,-21.8193,2000,0,2.8681,0.0,15.2
32,0.0,-1.976,2000,0,2.7167,0.0,15.6
33,0.05,-4.0157,917,1,2.5127,0.0,16.0
34,0.1,-21.2852,2000,0,1.8128,0.0,17.1
35,0.05,12.7958,582,1,2.1266,0.0,17.4
36,0.0,19.7878,259,1,2.6172,0.0,17.4
37,0.0,19.6967,350,1,3.0788,0.0,17.5
38,0.1,-123.1983,2000,0,-0.2443,0.0,18.8
39,0.05,-58.772,1453,1,-1.745,0.0,19.5
40,0.05,17.1805,1252,1,-1.2719,0.0,20.0
41,0.05,3.9856,1222,1,-1.1436,0.0,20.6
42,0.0,19.5418,505,1,-0.6511,0.0,20.7
43,0.0,19.5437,503,1,-0.1815,0.0,20.8
44,0.05,8.057,843,1,0.0058,0.0,21.1
45,0.0,-1.9727,2000,0,-0.0382,0.0,21.6
46,0.0,18.6627,1384,1,0.3683,0.0,21.8
47,0.05,16.328,900,1,0.7079,0.0,22.2
48,0.0,18.0718,1975,1,1.0697,0.0,22.6
49,0.05,12.5819,482,1,1.3046,0.0,22.8
50,0.05,5.379,898,1,1.3861,0.0,23.2
51,0.1,-21.0189,1291,1,0.8965,0.0,24.0
52,0.05,15.635,641,1,1.256,0.0,24.3
53,0.0,16.5159,1455,1,1.2029,0.0,24.5
54,0.1,-7.7545,1301,1,1.5374,0.0,25.3
55,0.05,14.6439,1103,1,1.591,0.0,25.8
56,0.1,18.198,648,1,1.5963,0.0,26.2
57,0.0,18.9948,1052,1,2.0158,0.0,26.4
58,0.05,-81.3903,2000,0,0.001,0.0,27.3
59,0.0,19.6927,354,1,0.2352,0.0,27.4
60,0.1,-52.3932,2000,0,-1.1959,0.0,28.7
61,0.05,17.9157,1268,1,0.5357,0.0,29.3
62,0.1,-75.5813,1763,1,-0.6547,0.0,30.4
63,0.1,3.5875,919,1,-0.5325,0.0,31.0
64,0.05,19.5731,453,1,-0.1016,0.0,31.2
65,0.1,7.8503,1026,1,-0.3009,0.0,31.9
66,0.0,19.6858,361,1,-0.1654,0.0,32.0
67,0.1,-6.3071,686,1,-0.6873,0.0,32.4
68,0.0,-1.9927,2000,0,-1.0679,0.0,32.8
69,0.0,19.6587,388,1,-1.0684,0.0,32.9
70,0.1,-1.4274,986,1,-1.0576,0.0,33.5
71,0.0,18.5567,1490,1,-1.077,0.0,33.8
72,0.05,4.4624,524,1,-0.7547,0.0,34.0
73,0.0,-1.9758,2000,0,-0.969,0.0,34.4
74,0.0,-2.2005,2000,0,-1.4021,0.0,34.8
75,0.0,19.6667,380,1,-1.207,0.0,34.9
76,0.05,14.0921,589,1,-1.3187,0.0,35.2
77,0.05,6.7315,973,1,-1.3422,0.0,35.6
78,0.05,5.0556,1865,1,-0.7478,0.0,36.3
79,0.1,-106.1135,2000,0,-2.7906,0.0,37.7
80,0.05,-76.9986,2000,0,-4.3213,0.0,38.5
81,0.0,19.5007,546,1,-3.4949,0.0,38.6
82,0.05,13.8015,860,1,-3.1793,0.0,38.9
83,0.05,11.5699,494,1,-2.8676,0.0,39.1
84,0.0,19.6898,357,1,-2.0481,0.0,39.2
85,0.1,14.8598,255,1,-2.0069,0.0,39.4
86,0.05,3.3742,935,1,-2.3351,0.0,39.8
87,0.1,-19.3222,1196,1,-3.1155,0.0,40.6
88,0.1,-13.4857,1036,1,-0.9212,0.0,41.2
89,0.1,5.7557,761,1,0.3693,0.0,41.7
90,0.0,19.6667,380,1,0.419,0.0,41.8
91,0.1,-13.6419,969,1,0.0665,0.0,42.5
92,0.1,13.2714,697,1,-0.0589,0.0,42.9
93,0.0,19.5938,453,1,-0.0579,0.0,43.0
94,0.1,15.9695,1043,1,0.1003,0.0,43.7
95,0.1,7.7664,741,1,0.2951,0.0,44.2
96,0.0,19.4387,608,1,0.3106,0.0,44.3
97,0.0,19.5757,471,1,0.3756,0.0,44.4
98,0.05,14.9994,1118,1,0.3141,0.0,44.9
99,0.05,13.0029,1148,1,0.3226,0.0,45.4
100,0.05,-9.1975,886,1,0.031,70.0,84.1
101,0.1,-9.9626,1002,1,0.2521,70.0,84.8
102,0.1,8.2594,977,1,0.1046,70.0,85.4
103,0.1,16.6675,302,1,0.1077,70.0,85.6
104,0.0,16.152,1502,1,0.5858,70.0,85.9
105,0.1,6.2256,786,1,0.4174,70.0,86.4
106,0.05,-6.6495,1237,1,-0.0795,70.0,87.0
107,0.0,19.5928,454,1,-0.0676,70.0,87.0
108,0.0,19.3287,718,1,1.9468,70.0,87.2
109,0.0,-2.5228,2000,0,1.5025,70.0,87.6
110,0.05,-12.3335,1342,1,2.3037,70.0,88.1
111,0.05,9.343,521,1,2.1323,70.0,88.3
112,0.05,18.1186,378,1,4.0062,70.0,88.5
113,0.0,18.6427,1404,1,4.3074,70.0,88.8
114,0.0,19.5968,450,1,4.3078,70.0,88.9
115,0.1,11.3002,915,1,4.3768,70.0,89.5
116,0.1,1.3885,1009,1,4.0109,70.0,90.1
117,0.05,15.8661,1780,1,4.4543,70.0,90.8
118,0.0,19.1639,883,1,4.8775,70.0,91.0
119,0.1,14.6722,670,1,4.7777,70.0,91.4
120,0.05,-10.9085,2000,0,4.5881,70.0,92.3
121,0.05,7.2443,1119,1,4.3619,70.0,92.7
122,0.1,11.5198,1671,1,4.503,70.0,93.8
123,0.05,19.2327,814,1,4.9272,70.0,94.1
124,0.0,-1.973,2000,0,4.9317,70.0,94.5
125,0.05,19.0599,987,1,4.9196,70.0,94.9
126,0.0,19.7768,270,1,5.0333,70.0,95.0
127,0.0,16.2973,1387,1,5.2246,70.0,95.3
128,0.1,-19.4154,1358,1,4.7352,70.0,96.2
129,0.1,-31.0921,1039,1,6.2356,70.0,96.9
130,0.1,-24.4937,1285,1,7.2857,70.0,97.7
131,0.05,-14.7071,1625,1,6.6016,70.0,98.4
132,0.1,-9.0466,1022,1,6.1446,70.0,99.0
133,0.1,-1.2448,1319,1,5.8883,70.0,99.8
134,0.05,18.4577,272,1,5.8637,70.0,99.9
135,0.1,-39.6391,1812,1,4.7737,70.0,101.2
136,0.05,-51.2468,2000,0,3.6813,70.0,102.0
137,0.05,-30.3768,1236,1,3.4602,70.0,102.6
138,0.0,19.4377,609,1,4.1186,70.0,102.7
139,0.0,19.5097,537,1,4.3937,70.0,102.8
140,0.1,-124.6657,2000,0,1.5071,70.0,104.2
141,0.05,2.1259,812,1,1.8224,70.0,104.6
142,0.0,19.6407,406,1,1.9498,70.0,104.6
143,0.0,19.5068,540,1,1.9481,70.0,104.7
144,0.0,19.5267,520,1,2.0192,70.0,104.9
145,0.0,-2.0008,2000,0,1.8239,70.0,105.3
146,0.1,14.2852,1066,1,1.7208,70.0,106.0
147,0.0,19.1668,880,1,1.7126,70.0,106.1
148,0.1,-28.8387,2000,0,0.8359,70.0,107.5
149,0.05,15.2062,965,1,0.8799,70.0,107.9
150,0.1,7.5486,623,1,1.2149,70.0,108.3
151,0.0,19.7827,264,1,1.8098,70.0,108.3
152,0.05,19.6627,384,1,2.0378,70.0,108.5
153,0.05,10.0308,783,1,1.9051,70.0,108.8
154,0.1,-31.5795,1227,1,0.9505,70.0,109.6
155,0.05,14.2171,530,1,1.1103,70.0,109.8
156,0.1,14.6768,484,1,1.5368,70.0,110.1
157,0.05,7.6795,862,1,1.2986,70.0,110.5
158,0.1,-11.2845,1867,1,0.6863,70.0,111.7
159,0.0,19.6627,384,1,1.13,70.0,111.7
160,0.1,-5.0865,418,1,1.275,70.0,112.0
161,0.1,-5.0343,1213,1,0.9874,70.0,112.7
162,0.0,19.5277,519,1,1.0156,70.0,112.9
163,0.1,10.8717,577,1,0.8602,70.0,113.2
164,0.1,10.082,1446,1,0.6699,70.0,114.1
165,0.05,13.5897,869,1,0.7157,70.0,114.5
166,0.1,-5.35,1033,1,0.5809,70.0,115.1
167,0.05,19.3324,614,1,0.6502,70.0,115.4
168,0.0,19.3387,708,1,0.6537,70.0,115.5
169,0.05,18.682,965,1,0.7339,70.0,116.0
170,0.05,17.1815,911,1,1.2957,70.0,116.4
171,0.0,19.3118,735,1,1.5371,70.0,116.5
172,0.05,17.1336,688,1,1.6493,70.0,116.8
173,0.0,-1.9636,2000,0,1.2254,70.0,117.2
174,0.1,-14.5084,1758,1,0.9747,70.0,118.3
175,0.1,-5.8383,926,1,0.4767,70.0,119.0
176,0.05,17.0466,1700,1,0.4221,70.0,119.7
177,0.1,10.6808,1135,1,0.3098,70.0,120.4
178,0.0,19.4597,587,1,1.0873,70.0,120.5
179,0.1,9.1091,498,1,1.8913,70.0,120.8
180,0.0,16.3677,705,1,2.7086,70.0,121.0
181,0.1,12.8377,534,1,3.2595,70.0,121.3
182,0.05,5.1852,881,1,3.5441,70.0,121.7
183,0.1,-0.5757,1187,1,3.5575,70.0,122.4
184,0.1,-7.8353,1436,1,3.0316,70.0,123.3
185,0.1,14.1134,895,1,4.1067,70.0,123.8
186,0.0,-1.9656,2000,0,5.0923,70.0,124.2
187,0.0,19.5937,453,1,6.0917,70.0,124.3
188,0.05,14.2087,840,1,5.9871,70.0,124.7
189,0.0,19.4417,605,1,5.9858,70.0,124.8
190,0.1,7.6642,949,1,8.6324,70.0,125.4
191,0.1,4.8429,625,1,8.6867,70.0,125.8
192,0.0,-3.2891,2000,0,8.2281,70.0,126.2
193,0.1,17.8892,447,1,8.1957,70.0,126.5
194,0.05,11.461,634,1,8.0344,70.0,126.8
195,0.05,18.8563,1124,1,8.4516,70.0,127.3
196,0.0,-5.8953,2000,0,8.048,70.0,127.7
197,0.0,-1.97,2000,0,7.6252,70.0,128.1
198,0.05,13.2479,493,1,8.467,70.0,128.3
199,0.05,12.3618,622,1,8.4101,70.0,128.6
200,0.0,19.4648,582,1,8.6484,60.0,176.0
201,0.0,15.3989,1873,1,8.5607,60.0,176.3
202,0.0,19.1747,872,1,8.551,60.0,176.5
203,0.1,14.283,470,1,8.636,60.0,176.8
204,0.0,19.7738,273,1,9.6631,60.0,176.9
205,0.0,-1.9717,2000,0,9.3393,60.0,177.3
206,0.1,17.0948,435,1,9.3876,60.0,177.6
207,0.05,18.9392,668,1,9.6128,60.0,177.9
208,0.0,-4.0979,2000,0,9.7566,60.0,178.3
209,0.1,16.6185,487,1,9.6957,60.0,178.6
210,0.0,16.2203,1498,1,10.1218,60.0,178.9
211,0.0,-2.3187,2000,0,10.1761,60.0,179.3
212,0.1,10.9206,1024,1,10.004,60.0,180.0
213,0.05,11.6037,1045,1,10.0186,60.0,180.4
214,0.1,-1.9783,1454,1,9.7774,60.0,181.4
215,0.0,-2.7678,2000,0,9.4503,60.0,181.8
216,0.05,18.3072,1000,1,9.9234,60.0,182.2
217,0.1,14.9413,520,1,9.8356,60.0,182.5
218,0.1,-24.7747,1439,1,8.9533,60.0,183.5
219,0.05,-4.0482,413,1,8.4987,60.0,183.7
220,0.0,19.1759,871,1,8.5386,60.0,183.9
221,0.1,17.6031,598,1,8.5044,60.0,184.2
222,0.1,-17.0955,1251,1,7.8199,60.0,185.1
223,0.1,-9.915,702,1,7.6608,60.0,185.6
224,0.0,19.7938,253,1,8.3469,60.0,185.6
225,0.1,-49.4647,2000,0,7.4744,60.0,187.0
226,0.05,-12.3718,1887,1,6.886,60.0,187.8
227,0.05,6.152,1530,1,6.7954,60.0,188.5
228,0.1,-17.1549,1722,1,6.0631,60.0,189.7
229,0.1,14.7483,1325,1,6.1759,60.0,190.5
230,0.05,19.4015,360,1,6.2366,60.0,190.6
231,0.05,-5.8276,1246,1,5.8633,60.0,191.2
232,0.1,-4.8653,1394,1,5.6623,60.0,192.0
233,0.05,-14.9909,1100,1,5.374,60.0,192.5
234,0.0,16.087,1410,1,5.8524,60.0,192.8
235,0.0,19.3418,705,1,5.957,60.0,192.9
236,0.0,19.6748,372,1,6.3898,60.0,193.0
237,0.0,19.5948,452,1,6.3898,60.0,193.1
238,0.05,5.9516,1523,1,6.2247,60.0,193.7
239,0.0,19.4658,581,1,6.2251,60.0,193.8
240,0.1,-1.8084,866,1,6.0357,60.0,194.4
241,0.1,-16.4057,1241,1,5.6107,60.0,195.2
242,0.0,-5.5928,2000,0,5.5646,60.0,195.6
243,0.1,-6.245,915,1,5.082,60.0,196.2
244,0.0,19.4437,603,1,5.2416,60.0,196.3
245,0.0,19.5568,490,1,5.2556,60.0,196.4
246,0.0,19.4417,605,1,5.7624,60.0,196.6
247,0.1,-1.0833,1062,1,5.7801,60.0,197.3
248,0.1,0.7467,484,1,5.5301,60.0,197.6
249,0.0,19.5919,455,1,5.6747,60.0,197.7
250,0.0,19.5227,524,1,5.6758,60.0,197.8
251,0.0,-2.1902,2000,0,5.3241,60.0,198.2
252,0.0,19.4597,587,1,5.3297,60.0,198.3
253,0.05,5.8607,833,1,5.1613,60.0,198.7
254,0.0,19.7838,263,1,5.1615,60.0,198.7
255,0.1,12.1037,520,1,5.443,60.0,199.0
256,0.0,19.6897,357,1,5.4949,60.0,199.1
257,0.05,16.6843,933,1,5.4498,60.0,199.5
258,0.1,-1.0902,529,1,5.51,60.0,199.8
259,0.05,16.756,1196,1,5.5127,60.0,200.3
260,0.0,18.0918,1955,1,5.5501,60.0,200.7
261,0.1,-8.035,1420,1,5.4358,60.0,201.7
262,0.0,19.3557,691,1,5.6045,60.0,201.9
263,0.1,-55.1626,1325,1,4.2692,60.0,202.7
264,0.1,-33.0113,1153,1,3.6485,60.0,203.5
265,0.1,9.9968,867,1,3.9038,60.0,204.0
266,0.05,-13.8655,1737,1,3.2604,60.0,204.8
267,0.0,-1.9716,2000,0,2.9221,60.0,205.2
268,0.05,14.4472,880,1,3.7065,60.0,205.5
269,0.05,4.2979,642,1,3.8735,60.0,205.8
270,0.0,18.6217,1425,1,3.8624,60.0,206.1
271,0.0,19.7577,289,1,3.9055,60.0,206.2
272,0.0,18.5967,1450,1,4.6193,60.0,206.5
273,0.1,-13.2455,895,1,4.5527,60.0,207.0
274,0.05,0.4671,1090,1,4.1662,60.0,207.5
275,0.05,19.6617,385,1,5.5487,60.0,207.7
276,0.05,6.0099,873,1,5.9163,60.0,208.0
277,0.05,-12.3067,1669,1,5.5472,60.0,208.7
278,0.05,19.0834,383,1,6.2719,60.0,208.9
279,0.1,-31.1345,2000,0,5.3543,60.0,210.2
280,0.0,19.4558,591,1,5.3554,60.0,210.3
281,0.1,9.2738,1452,1,5.6574,60.0,211.2
282,0.1,-71.3108,1607,1,4.3285,60.0,212.3
283,0.1,4.8808,740,1,4.7259,60.0,212.7
284,0.0,18.1437,1903,1,4.767,60.0,213.1
285,0.0,19.4328,614,1,4.7689,60.0,213.3
286,0.05,4.13,1906,1,4.458,60.0,214.0
287,0.1,-9.883,1131,1,3.8684,60.0,214.7
288,0.05,12.6535,607,1,4.0025,60.0,215.0
289,0.0,19.6868,360,1,4.0069,60.0,215.0
290,0.0,-1.9712,2000,0,4.0036,60.0,215.4
291,0.0,-2.1351,2000,0,4.289,60.0,215.9
292,0.0,13.732,1895,1,4.6755,60.0,216.2
293,0.1,-76.0102,2000,0,3.2802,60.0,217.6
294,0.05,-7.3601,2000,0,2.7441,60.0,218.5
295,0.0,17.8523,1432,1,2.7101,60.0,218.8
296,0.05,-5.6409,1012,1,2.2084,60.0,219.2
297,0.0,18.0647,1982,1,2.5914,60.0,219.6
298,0.05,1.1467,1028,1,2.5994,60.0,220.0
299,0.05,-35.1302,2000,0,1.5049,60.0,220.9
300,0.0,19.5487,498,1,1.5054,60.0,271.3
301,0.0,19.1007,946,1,1.9313,60.0,271.5
302,0.05,-15.4421,2000,0,1.2332,60.0,272.4
303,0.1,2.7523,1910,1,1.1711,60.0,273.5
304,0.0,18.5728,1474,1,1.1468,60.0,273.8
305,0.0,19.4528,594,1,1.2938,60.0,273.9
306,0.1,2.5677,733,1,0.9514,60.0,274.4
307,0.1,11.1244,1296,1,0.8402,60.0,275.2
308,0.0,-1.9605,2000,0,0.8228,60.0,275.6
309,0.0,19.5947,452,1,0.8796,60.0,275.7
310,0.0,15.6991,1408,1,0.8317,60.0,276.0
311,0.0,-1.9898,2000,0,0.9526,60.0,276.4
312,0.05,14.5236,1088,1,0.856,60.0,276.9
313,0.05,19.1582,486,1,2.3424,60.0,277.1
314,0.05,-22.7468,2000,0,2.5477,60.0,277.9
315,0.0,19.4088,638,1,2.7359,60.0,278.0
316,0.05,19.2119,313,1,3.3975,60.0,278.1
317,0.0,19.1638,883,1,3.8202,60.0,278.3
318,0.0,18.1507,1896,1,3.8942,60.0,278.7
319,0.05,6.2385,1429,1,3.933,60.0,279.3
320,0.0,19.7817,265,1,3.9562,60.0,279.4
321,0.05,-5.006,2000,0,3.461,60.0,280.1
322,0.05,-54.9255,2000,0,1.9905,60.0,281.0
323,0.05,12.5301,503,1,2.506,60.0,281.2
324,0.05,17.6907,624,1,2.8505,60.0,281.5
325,0.05,19.6005,362,1,2.8493,60.0,281.6
326,0.1,13.6341,732,1,3.0018,60.0,282.1
327,0.1,-29.6341,2000,0,2.6552,60.0,283.4
328,0.1,9.5545,558,1,2.4647,60.0,283.7
329,0.1,17.9716,650,1,3.4468,60.0,284.1
330,0.1,-2.1572,2000,0,3.0145,60.0,285.4
331,0.05,15.8135,816,1,3.1453,60.0,285.7
332,0.0,19.4278,619,1,4.9601,60.0,285.9
333,0.0,19.7887,258,1,5.2582,60.0,285.9
334,0.05,-52.7993,2000,0,3.8394,60.0,286.7
335,0.0,19.5897,457,1,3.8425,60.0,286.8
336,0.0,19.1587,888,1,4.1431,60.0,287.0
337,0.1,13.6952,384,1,4.6147,60.0,287.2
338,0.1,-55.4228,1548,1,3.2531,60.0,288.2
339,0.1,-39.4166,1923,1,2.0711,60.0,289.5
340,0.0,18.9228,1078,1,2.4889,60.0,289.7
341,0.1,-29.952,1589,1,1.9326,60.0,290.8
342,0.05,17.5572,456,1,2.0091,60.0,291.0
343,0.0,19.1669,880,1,3.9126,60.0,291.1
344,0.0,15.8755,1484,1,4.3774,60.0,291.4
345,0.1,-59.3557,1341,1,2.8332,60.0,292.3
346,0.05,18.6948,341,1,3.3199,60.0,292.5
347,0.1,-2.6804,860,1,2.905,60.0,293.0
348,0.1,2.3802,934,1,2.9297,60.0,293.7
349,0.0,18.6317,1415,1,4.0049,60.0,293.9
350,0.0,-2.4449,2000,0,3.565,60.0,294.3
351,0.1,-9.1022,1037,1,3.001,60.0,295.0
352,0.0,19.1678,879,1,3.6932,60.0,295.2
353,0.0,19.6929,354,1,4.032,60.0,295.3
354,0.0,-1.9713,2000,0,3.6211,60.0,295.7
355,0.1,-1.9553,1042,1,3.193,60.0,296.3
356,0.0,19.5667,480,1,3.5329,60.0,296.4
357,0.1,-3.49,726,1,3.2406,60.0,296.9
358,0.0,19.342,704,1,3.6667,60.0,297.0
359,0.05,-66.7428,1799,1,1.9399,60.0,297.8
360,0.0,-1.9719,2000,0,1.5865,60.0,298.2
361,0.1,-140.6594,2000,0,-1.1869,60.0,299.5
362,0.0,19.1747,872,1,-1.0938,60.0,299.7
363,0.1,-25.8538,1629,1,-1.9941,60.0,300.9
364,0.1,1.9343,490,1,-1.5005,60.0,301.2
365,0.0,19.5199,527,1,-1.4982,60.0,301.3
366,0.1,15.1813,731,1,-1.5789,60.0,301.8
367,0.0,19.4277,619,1,-1.5736,60.0,301.9
368,0.05,16.3877,1146,1,-1.6088,60.0,302.4
369,0.1,8.9055,1117,1,-1.5555,60.0,303.1
370,0.1,2.4085,1087,1,-1.903,60.0,303.8
371,0.1,2.7841,779,1,-1.7472,60.0,304.3
372,0.1,3.5296,912,1,-0.5781,60.0,304.9
373,0.05,14.0254,560,1,-0.5482,60.0,305.1
374,0.05,-7.427,2000,0,-1.0505,60.0,306.0
375,0.0,18.0738,1973,1,-1.081,60.0,306.4
376,0.1,8.8165,639,1,-1.1774,60.0,306.8
377,0.1,-4.7866,970,1,-0.6804,60.0,307.4
378,0.05,10.1941,1133,1,-0.6677,60.0,307.9
379,0.0,19.3897,657,1,-0.6393,60.0,308.0
380,0.05,9.4892,682,1,-0.4064,60.0,308.3
381,0.05,18.5461,658,1,-0.3517,60.0,308.5
382,0.0,19.5687,478,1,-0.3489,60.0,308.6
383,0.1,-6.0284,527,1,-0.8652,60.0,309.0
384,0.1,16.0115,799,1,0.511,60.0,309.5
385,0.05,17.5581,630,1,0.4703,60.0,309.8
386,0.05,1.9479,1314,1,0.1261,60.0,310.4
387,0.05,10.7886,611,1,0.068,60.0,310.6
388,0.0,-3.842,2000,0,1.0996,60.0,311.0
389,0.0,-2.408,2000,0,1.8398,60.0,311.4
390,0.05,4.3895,1150,1,1.5491,60.0,311.9
391,0.1,-2.3863,828,1,2.1004,60.0,312.4
392,0.1,1.8415,950,1,1.7861,60.0,313.0
393,0.0,-3.4565,2000,0,1.3337,60.0,313.4
394,0.0,-2.4013,2000,0,0.9681,60.0,313.8
395,0.1,-7.8337,2000,0,1.9986,60.0,315.0
396,0.0,19.7847,262,1,2.0204,60.0,315.0
397,0.1,-62.4592,1320,1,0.8248,60.0,315.9
398,0.05,18.5149,592,1,1.1475,60.0,316.2
399,0.0,-1.9942,2000,0,0.735,60.0,316.6
400,0.05,11.7326,1149,1,1.0185,65.0,373.1
401,0.0,19.1788,868,1,1.5841,65.0,373.3
402,0.0,17.4502,1032,1,1.5498,65.0,373.5
403,0.05,14.6996,1325,1,1.4499,65.0,374.1
404,0.05,8.0498,589,1,1.6503,65.0,374.4
405,0.0,19.5637,483,1,2.0807,65.0,374.5
406,0.05,16.7255,506,1,2.0239,65.0,374.7
407,0.1,-8.4986,965,1,1.9237,65.0,375.3
408,0.1,-10.5895,755,1,1.3251,65.0,375.8
409,0.05,-0.5295,1061,1,2.6494,65.0,376.2
410,0.1,12.6888,427,1,2.9426,65.0,376.5
411,0.1,1.9741,744,1,5.7952,65.0,376.9
412,0.1,9.4811,1688,1,5.6014,65.0,378.0
413,0.0,16.4509,1837,1,6.4475,65.0,378.3
414,0.1,18.8603,402,1,6.786,65.0,378.6
415,0.1,15.9421,640,1,6.7144,65.0,379.0
416,0.05,16.7899,783,1,6.7466,65.0,379.3
417,0.1,3.4617,1883,1,6.4273,65.0,380.5
418,0.0,19.7748,272,1,6.495,65.0,380.6
419,0.0,-2.3911,2000,0,6.2691,65.0,381.0
420,0.05,-18.015,1114,1,5.8606,65.0,381.4
421,0.0,19.0908,956,1,6.1868,65.0,381.6
422,0.0,19.3877,659,1,6.5039,65.0,381.8
423,0.1,-14.2886,2000,0,5.9376,65.0,382.9
424,0.1,-8.7007,2000,0,5.9122,65.0,384.2
425,0.0,19.5617,485,1,5.9419,65.0,384.3
426,0.05,12.1215,795,1,6.008,65.0,384.6
427,0.05,-60.5413,2000,0,4.8929,65.0,385.4
428,0.1,16.1757,620,1,5.0126,65.0,385.8
429,0.0,18.5678,1479,1,4.9961,65.0,386.1
430,0.1,-5.4724,1107,1,4.6969,65.0,386.7
431,0.05,-5.3012,884,1,4.2199,65.0,387.1
432,0.0,-1.9749,2000,0,3.7891,65.0,387.5
433,0.1,-25.306,2000,0,3.4035,65.0,388.8
434,0.1,-117.056,2000,0,0.7422,65.0,390.1
435,0.05,-16.3331,1430,1,0.0643,65.0,390.7
436,0.1,-17.1995,2000,0,-0.3186,65.0,391.9
437,0.05,0.0191,1526,1,-0.534,65.0,392.6
438,0.05,19.5898,457,1,-0.0654,65.0,392.8
439,0.0,19.6887,358,1,0.3766,65.0,392.9
440,0.0,19.7888,258,1,0.6846,65.0,392.9
441,0.1,-2.918,2000,0,0.6739,65.0,394.2
442,0.05,-4.6535,2000,0,0.544,65.0,395.0
443,0.05,16.5481,1401,1,0.9441,65.0,395.6
444,0.0,19.5938,453,1,1.384,65.0,395.7
445,0.0,19.3857,661,1,1.9284,65.0,395.8
446,0.05,19.5417,505,1,1.9235,65.0,396.1
447,0.0,19.1627,884,1,3.556,65.0,396.2
448,0.1,-8.3616,1208,1,3.0185,65.0,397.0
449,0.05,11.9434,1715,1,3.2972,65.0,397.7
450,0.0,19.5617,485,1,3.4538,65.0,397.8
451,0.1,10.2911,613,1,3.276,65.0,398.2
452,0.05,10.7159,791,1,3.1413,65.0,398.5
453,0.1,13.874,691,1,3.1248,65.0,399.0
454,0.1,-1.357,1234,1,2.9367,65.0,399.7
455,0.05,15.9795,617,1,2.865,65.0,400.0
456,0.1,-2.7737,692,1,2.475,65.0,400.4
457,0.0,19.2978,749,1,3.031,65.0,400.6
458,0.0,17.4096,1497,1,3.5909,65.0,400.8
459,0.0,19.4907,556,1,3.9913,65.0,401.0
460,0.1,4.894,1024,1,3.8354,65.0,401.6
461,0.0,19.0027,1044,1,4.176,65.0,401.8
462,0.1,-7.5642,1368,1,3.8351,65.0,402.7
463,0.0,19.1668,880,1,3.8894,65.0,402.9
464,0.05,-3.7776,2000,0,3.4367,65.0,403.7
465,0.1,-5.4849,1084,1,3.0081,65.0,404.3
466,0.1,5.1812,670,1,2.776,65.0,404.8
467,0.0,19.5778,469,1,3.0983,65.0,404.9
468,0.05,18.7903,1070,1,3.0786,65.0,405.3
469,0.0,19.6838,363,1,3.5201,65.0,405.3
470,0.0,19.5247,522,1,4.2709,65.0,405.4
471,0.05,11.2242,1707,1,4.1136,65.0,406.1
472,0.05,-18.0339,1111,1,3.3651,65.0,406.7
473,0.0,18.0776,1438,1,4.0124,65.0,406.9
474,0.05,2.0454,1369,1,4.2274,65.0,407.5
475,0.0,18.6528,1394,1,4.2092,65.0,407.8
476,0.1,-12.2918,1353,1,3.7209,65.0,408.7
477,0.0,-2.4183,2000,0,4.8834,65.0,409.1
478,0.1,-7.3511,1203,1,4.4128,65.0,409.8
479,0.0,19.4897,557,1,4.4313,65.0,410.0
480,0.05,16.8231,577,1,4.8772,65.0,410.2
481,0.1,-6.1071,1734,1,4.8611,65.0,411.3
482,0.05,19.2497,502,1,5.2856,65.0,411.5
483,0.1,5.8532,624,1,5.9088,65.0,411.9
484,0.1,8.059,583,1,8.4111,65.0,412.3
485,0.0,-2.0003,2000,0,8.6977,65.0,412.7
486,0.0,19.7898,257,1,9.4375,65.0,412.7
487,0.0,-2.0719,2000,0,9.3957,65.0,413.1
488,0.0,-2.8458,2000,0,8.947,65.0,413.5
489,0.05,19.3075,359,1,8.9393,65.0,413.7
490,0.0,-1.9712,2000,0,8.5041,65.0,414.1
491,0.0,19.7627,284,1,8.9578,65.0,414.1
492,0.1,4.7575,1723,1,9.146,65.0,415.2
493,0.05,16.1543,901,1,9.1381,65.0,415.6
494,0.05,12.2254,282,1,8.9907,65.0,415.7
495,0.1,-7.2695,1108,1,8.4576,65.0,416.4
496,0.1,-8.0913,1124,1,7.905,65.0,417.1
497,0.0,18.6387,1408,1,7.8945,65.0,417.3
498,0.05,11.5656,1022,1,8.293,65.0,417.8
499,0.0,18.1458,1901,1,8.4171,65.0,418.2
500,0.1,9.921,858,1,8.2243,75.0,447.2
501,0.0,19.1607,886,1,8.4017,75.0,447.4
502,0.05,1.294,1433,1,8.2132,75.0,448.0
503,0.0,19.3628,684,1,8.323,75.0,448.1
504,0.05,-3.3058,1227,1,8.284,75.0,448.6
505,0.0,19.5347,512,1,8.3551,75.0,448.7
506,0.0,17.3496,1881,1,8.7576,75.0,449.1
507,0.05,17.6343,443,1,8.7243,75.0,449.3
508,0.05,18.1757,844,1,8.7396,75.0,449.7
509,0.05,-26.8638,2000,0,7.8126,75.0,450.6
510,0.0,19.5878,459,1,8.1064,75.0,450.7
511,0.0,18.6807,1366,1,8.1,75.0,451.0
512,0.0,19.1607,886,1,8.6345,75.0,451.2
513,0.1,-9.1402,1168,1,8.0684,75.0,452.0
514,0.0,19.5877,459,1,8.5357,75.0,452.0
515,0.05,15.649,828,1,8.9583,75.0,452.4
516,0.05,18.368,751,1,9.2221,75.0,452.7
517,0.05,-10.7488,2000,0,8.6155,75.0,453.6
518,0.0,17.4328,1398,1,8.5884,75.0,453.9
519,0.05,4.859,1735,1,8.2919,75.0,454.6
520,0.05,16.4495,1044,1,8.2304,75.0,455.1
521,0.1,-38.8774,1551,1,7.2284,75.0,456.1
522,0.1,-14.0596,1530,1,7.3078,75.0,457.1
523,0.05,19.6419,330,1,7.3391,75.0,457.2
524,0.1,-4.4492,1334,1,7.2092,75.0,458.1
525,0.1,-20.2867,2000,0,6.4304,75.0,459.4
526,0.05,13.9562,1922,1,6.9554,75.0,460.3
527,0.0,-1.9713,2000,0,6.9643,75.0,460.7
528,0.0,19.4567,590,1,7.5005,75.0,460.8
529,0.05,5.3243,1171,1,7.2172,75.0,461.3
530,0.0,-1.9643,2000,0,6.8414,75.0,461.7
531,0.1,4.494,1492,1,7.0535,75.0,462.7
532,0.05,4.8516,1370,1,6.7655,75.0,463.2
533,0.0,19.1668,880,1,7.0318,75.0,463.4
534,0.0,19.6907,356,1,7.2644,75.0,463.5
535,0.1,-13.7085,1603,1,7.0302,75.0,464.5
536,0.05,5.7608,901,1,6.7497,75.0,464.9
537,0.05,19.0755,692,1,7.1726,75.0,465.2
538,0.1,-9.4944,2000,0,7.0396,75.0,466.4
539,0.05,12.1786,1521,1,6.8971,75.0,467.0
540,0.05,9.106,1717,1,7.1186,75.0,467.7
541,0.1,-51.2858,2000,0,5.6976,75.0,468.9
542,0.1,-7.894,1486,1,5.4446,75.0,469.9
543,0.0,19.1668,880,1,5.5049,75.0,470.1
544,0.05,0.4545,1568,1,5.2694,75.0,470.7
545,0.1,-34.2125,2000,0,4.7306,75.0,472.0
546,0.0,-2.2554,2000,0,4.8473,75.0,472.4
547,0.05,14.5652,861,1,4.7658,75.0,472.8
548,0.0,18.5797,1467,1,4.9061,75.0,473.1
549,0.1,-47.373,2000,0,3.5957,75.0,474.3
550,0.05,8.0243,929,1,3.5578,75.0,474.7
551,0.0,19.1757,871,1,3.5581,75.0,474.9
552,0.1,9.1257,1004,1,3.7147,75.0,475.5
553,0.1,-8.8627,1610,1,3.1502,75.0,476.5
554,0.1,-1.7353,1285,1,3.1816,75.0,477.4
555,0.1,-16.0137,2000,0,2.4707,75.0,478.7
556,0.1,13.4568,1393,1,2.3928,75.0,479.7
557,0.1,7.4106,1114,1,2.1883,75.0,480.4
558,0.1,-23.2472,1927,1,1.3599,75.0,481.6
559,0.0,19.5178,529,1,2.2875,75.0,481.7
560,0.05,17.8448,684,1,2.2526,75.0,482.0
561,0.05,-0.8103,1298,1,1.8628,75.0,482.6
562,0.0,19.5158,531,1,1.8699,75.0,482.7
563,0.1,-17.4886,1585,1,1.703,75.0,483.8
564,0.05,6.9988,891,1,1.4512,75.0,484.1
565,0.1,-1.7144,1500,1,1.1039,75.0,485.1
566,0.05,19.1365,894,1,1.1193,75.0,485.5
567,0.1,-65.9707,1219,1,0.0148,75.0,486.3
568,0.0,-1.9727,2000,0,-0.3733,75.0,486.7
569,0.1,-12.9642,2000,0,-0.7297,75.0,488.0
570,0.05,11.4845,657,1,-0.829,75.0,488.2
571,0.1,-1.508,667,1,-0.0816,75.0,488.7
572,0.05,16.6367,1892,1,0.5323,75.0,489.5
573,0.1,4.8135,567,1,0.2357,75.0,489.8
574,0.05,-70.9244,1390,1,-1.0938,75.0,490.4
575,0.05,17.7297,1857,1,-0.3335,75.0,491.2
576,0.05,-1.9873,2000,0,-0.6523,75.0,492.0
577,0.1,-11.5076,1154,1,-0.8431,75.0,492.7
578,0.05,-7.3123,1761,1,-1.3784,75.0,493.5
579,0.1,-0.8421,774,1,-1.5018,75.0,494.0
580,0.0,19.5819,465,1,-1.0708,75.0,494.1
581,0.0,19.5697,477,1,-0.7693,75.0,494.2
582,0.05,18.7961,353,1,-0.4904,75.0,494.4
583,0.1,-56.5088,2000,0,-2.004,75.0,495.7
584,0.05,11.187,1504,1,-2.174,75.0,496.3
585,0.1,-24.8743,1010,1,-2.3973,75.0,497.0
586,0.1,3.6896,861,1,-2.4388,75.0,497.5
587,0.0,19.4307,616,1,-2.4317,75.0,497.6
588,0.1,12.6983,503,1,-1.9878,75.0,497.9
589,0.1,5.807,525,1,-2.1152,75.0,498.3
590,0.05,-3.8737,2000,0,-2.3748,75.0,499.1
591,0.05,-3.8167,2000,0,-1.4255,75.0,500.0
592,0.1,-2.2349,2000,0,-1.3123,75.0,501.2
593,0.0,19.3588,688,1,-1.3084,75.0,501.3
594,0.05,18.8408,694,1,-0.9407,75.0,501.6
595,0.05,13.9711,957,1,0.023,75.0,502.0
596,0.0,19.1658,881,1,0.4514,75.0,502.2
597,0.05,3.1007,1403,1,0.2221,75.0,502.8
598,0.1,-103.7634,2000,0,-2.2248,75.0,504.0
599,0.1,-13.2517,1894,1,-1.5423,75.0,505.3
600,0.1,4.9595,1497,1,-1.6036,65.0,554.6
601,0.05,13.0226,772,1,-1.7267,65.0,555.0
602,0.05,10.4385,1026,1,-1.7004,65.0,555.4
603,0.05,17.9869,991,1,-1.1634,65.0,555.8
604,0.05,11.9107,878,1,-0.8905,65.0,556.2
605,0.1,0.7385,1584,1,-0.5555,65.0,557.2
606,0.0,19.6507,396,1,-0.4316,65.0,557.3
607,0.1,-24.002,2000,0,-1.0599,65.0,558.6
608,0.05,16.3088,1184,1,-0.2687,65.0,559.0
609,0.1,12.8712,684,1,-0.4017,65.0,559.5
610,0.0,18.5708,1476,1,-0.3871,65.0,559.8
611,0.1,-129.6171,2000,0,-2.9633,65.0,561.1
612,0.0,-1.9771,2000,0,-3.3931,65.0,561.5
613,0.05,19.6898,357,1,-2.6496,65.0,561.7
614,0.1,2.8274,914,1,-2.733,65.0,562.2
615,0.1,-3.4584,1213,1,-2.7679,65.0,563.1
616,0.1,11.8726,750,1,-2.9132,65.0,563.5
617,0.1,-12.5325,2000,0,-1.8444,65.0,564.8
618,0.05,-22.1039,1897,1,-2.247,65.0,565.5
619,0.0,19.4437,603,1,-1.5989,65.0,565.6
620,0.0,18.6297,1417,1,-1.456,65.0,565.9
621,0.1,15.3573,1245,1,-1.1186,65.0,566.7
622,0.05,-1.6685,601,1,-1.4848,65.0,566.9
623,0.0,19.4638,583,1,-1.1917,65.0,567.0
624,0.0,19.6547,392,1,0.6198,65.0,567.1
625,0.0,19.3488,698,1,0.6522,65.0,567.3
626,0.0,19.4857,561,1,1.0817,65.0,567.4
627,0.0,19.6837,363,1,1.7055,65.0,567.4
628,0.0,19.4639,583,1,2.241,65.0,567.6
629,0.05,12.2526,900,1,2.5029,65.0,568.0
630,0.1,-3.3319,2000,0,2.0446,65.0,569.3
631,0.0,19.7887,258,1,2.049,65.0,569.3
632,0.05,17.4626,762,1,2.0224,65.0,569.6
633,0.05,16.1096,759,1,3.4747,65.0,570.0
634,0.1,-123.9231,1970,1,0.7725,65.0,571.2
635,0.1,-150.6648,2000,0,-1.7433,65.0,572.5
636,0.0,-2.4125,2000,0,-1.8653,65.0,572.9
637,0.1,19.5297,276,1,-1.8633,65.0,573.1
638,0.1,-58.765,2000,0,-3.2926,65.0,574.4
639,0.05,17.4926,1072,1,-3.0589,65.0,574.8
640,0.05,19.4267,620,1,-2.5929,65.0,575.1
641,0.05,17.3754,523,1,-2.1691,65.0,575.3
642,0.0,19.5848,462,1,-1.7327,65.0,575.4
643,0.0,-1.9615,2000,0,-2.1591,65.0,575.8
644,0.1,1.9304,1125,1,-2.4973,65.0,576.5
645,0.1,8.7872,1156,1,-2.6009,65.0,577.3
646,0.0,18.5978,1449,1,-2.6123,65.0,577.6
647,0.0,18.4715,974,1,-2.3049,65.0,577.8
648,0.05,-8.3754,1168,1,-0.3971,65.0,578.3
649,0.0,18.6935,1347,1,0.2418,65.0,578.6
650,0.0,15.2894,1561,1,0.4484,65.0,578.9
651,0.1,-94.975,2000,0,-1.7116,65.0,580.1
652,0.1,17.3376,763,1,-1.5736,65.0,580.6
653,0.05,16.7014,1329,1,-1.5993,65.0,581.1
654,0.0,18.9771,1010,1,-1.458,65.0,581.3
655,0.1,-0.8478,1650,1,-1.4897,65.0,582.3
656,0.0,19.7007,346,1,-1.4887,65.0,582.4
657,0.0,19.4497,597,1,-0.6197,65.0,582.5
658,0.05,16.502,810,1,-0.6158,65.0,582.8
659,0.0,19.0807,966,1,-0.4916,65.0,583.0
660,0.05,-0.5665,1922,1,-0.8744,65.0,583.9
661,0.1,2.0386,635,1,1.7587,65.0,584.4
662,0.1,-1.7736,1417,1,1.7628,65.0,585.3
663,0.1,-3.7701,714,1,1.2936,65.0,585.8
664,0.1,5.7905,664,1,1.3529,65.0,586.2
665,0.05,19.5198,527,1,1.8124,65.0,586.4
666,0.05,8.0516,701,1,1.736,65.0,586.7
667,0.1,-5.3364,1850,1,1.88,65.0,587.9
668,0.1,12.9412,1413,1,2.5809,65.0,588.8
669,0.1,-12.3819,1935,1,1.9443,65.0,590.0
670,0.05,17.7666,1266,1,1.9271,65.0,590.5
671,0.1,7.3091,867,1,1.7661,65.0,591.1
672,0.05,11.035,621,1,2.0202,65.0,591.4
673,0.0,19.3147,732,1,2.0172,65.0,591.5
674,0.1,-4.1057,835,1,1.542,65.0,592.1
675,0.05,19.6337,413,1,1.5477,65.0,592.3
676,0.05,17.7635,611,1,1.5133,65.0,592.5
677,0.05,-3.9516,2000,0,1.0405,65.0,593.3
678,0.0,18.1769,1870,1,1.0148,65.0,593.7
679,0.1,9.4038,585,1,0.9578,65.0,594.1
680,0.05,7.0215,1189,1,1.1649,65.0,594.6
681,0.1,17.0623,313,1,1.1104,65.0,594.8
682,0.05,19.2041,780,1,1.1452,65.0,595.1
683,0.1,9.3119,598,1,1.0092,65.0,595.5
684,0.0,19.0936,950,1,3.8696,65.0,595.7
685,0.05,3.5584,878,1,6.954,65.0,596.1
686,0.05,19.312,388,1,7.3885,65.0,596.2
687,0.0,19.2907,756,1,7.3838,65.0,596.4
688,0.1,5.8745,498,1,8.6765,65.0,596.7
689,0.05,19.3136,532,1,8.713,65.0,596.9
690,0.0,19.0097,1037,1,8.7046,65.0,597.2
691,0.05,10.4502,766,1,8.5661,65.0,597.5
692,0.05,8.407,938,1,8.3426,65.0,597.9
693,0.05,17.97,468,1,8.7412,65.0,598.1
694,0.1,-29.9143,1989,1,8.1043,65.0,599.4
695,0.0,19.3868,660,1,8.3163,65.0,599.5
696,0.0,18.5887,1458,1,8.3161,65.0,599.8
697,0.0,19.3477,699,1,8.3336,65.0,600.0
698,0.0,-3.2461,2000,0,8.4362,65.0,600.4
699,0.05,16.8919,1351,1,8.4002,65.0,600.9
700,0.1,-10.4886,1363,1,7.8846,50.0,649.6
701,0.0,19.5888,458,1,10.1759,50.0,649.7
702,0.1,-43.0119,2000,0,8.9689,50.0,650.9
703,0.0,19.6747,372,1,9.0284,50.0,651.0
704,0.0,-2.6139,2000,0,8.5966,50.0,651.4
705,0.05,4.4591,1897,1,8.7027,50.0,652.3
706,0.05,18.542,656,1,8.6795,50.0,652.5
707,0.05,2.8298,920,1,8.3471,50.0,652.9
708,0.1,12.1936,399,1,8.261,50.0,653.2
709,0.05,-1.1753,1438,1,7.8558,50.0,653.8
710,0.05,-4.1381,2000,0,7.7844,50.0,654.7
711,0.0,-2.1236,2000,0,7.7012,50.0,655.1
712,0.0,19.4317,615,1,8.1253,50.0,655.2
713,0.05,17.2097,786,1,8.5449,50.0,655.6
714,0.05,10.8103,1063,1,8.6453,50.0,656.0
715,0.1,0.6702,1152,1,8.2683,50.0,656.7
716,0.1,-117.8795,2000,0,5.7496,50.0,657.9
717,0.0,19.2568,790,1,6.2415,50.0,658.1
718,0.1,18.0448,670,1,6.3436,50.0,658.5
719,0.05,-42.7961,2000,0,5.7353,50.0,659.3
720,0.05,15.1282,797,1,5.6825,50.0,659.7
721,0.0,19.6837,363,1,5.93,50.0,659.7
722,0.05,19.5462,499,1,6.1002,50.0,659.9
723,0.05,11.4712,670,1,5.9434,50.0,660.2
724,0.05,-7.852,1111,1,5.8684,50.0,660.7
725,0.05,10.7672,854,1,5.6911,50.0,661.1
726,0.1,-6.7201,1583,1,5.2014,50.0,662.0
727,0.1,9.19,764,1,5.4643,50.0,662.5
728,0.1,-8.4203,1829,1,4.9323,50.0,663.7
729,0.1,-85.2605,2000,0,3.039,50.0,664.9
730,0.1,-3.4018,2000,0,2.8306,50.0,666.3
731,0.0,19.6547,392,1,2.8824,50.0,666.4
732,0.05,19.1757,871,1,2.8819,50.0,666.7
733,0.0,19.6818,365,1,3.0893,50.0,666.8
734,0.05,5.8583,633,1,2.8246,50.0,667.1
735,0.05,2.4383,1903,1,2.8022,50.0,667.8
736,0.05,8.7147,1031,1,2.5902,50.0,668.3
737,0.0,-2.4378,2000,0,2.1556,50.0,668.7
738,0.05,12.9317,1600,1,2.2968,50.0,669.3
739,0.05,-16.7605,2000,0,1.5753,50.0,670.1
740,0.1,-56.4183,1638,1,0.0667,50.0,671.1
741,0.1,13.3014,1657,1,0.1238,50.0,672.2
742,0.05,-33.1563,2000,0,-0.7075,50.0,673.1
743,0.1,0.3191,1736,1,-1.0605,50.0,674.2
744,0.0,-1.9603,2000,0,-0.5014,50.0,674.6
745,0.05,18.399,1325,1,-0.5212,50.0,675.2
746,0.0,18.6889,1358,1,-0.5192,50.0,675.4
747,0.1,-5.3377,1329,1,-1.0129,50.0,676.3
748,0.1,12.2408,894,1,-0.7032,50.0,676.9
749,0.0,19.6677,379,1,-0.6477,50.0,676.9
750,0.05,18.6558,865,1,-0.0648,50.0,677.3
751,0.1,-11.1135,1395,1,-0.6788,50.0,678.2
752,0.1,14.12,875,1,0.4638,50.0,678.8
753,0.1,13.7143,663,1,0.3446,50.0,679.3
754,0.0,-2.0615,2000,0,0.3557,50.0,679.7
755,0.0,-1.9686,2000,0,0.2271,50.0,680.1
756,0.1,-16.9432,715,1,-0.4826,50.0,680.5
757,0.05,13.0045,1167,1,-0.2791,50.0,681.1
758,0.0,18.9858,1061,1,-0.1433,50.0,681.3
759,0.05,9.3275,1863,1,0.0668,50.0,682.2
760,0.0,-1.9538,2000,0,0.1105,50.0,682.6
761,0.0,18.1628,1884,1,0.5162,50.0,682.9
762,0.05,9.4409,549,1,0.3164,50.0,683.2
763,0.05,13.4331,1690,1,0.2409,50.0,683.9
764,0.05,-8.1863,592,1,-0.1391,50.0,684.2
765,0.0,-2.8504,2000,0,-0.2095,50.0,684.6
766,0.05,-1.4487,1694,1,2.1191,50.0,685.3
767,0.05,-3.1395,554,1,1.6712,50.0,685.5
768,0.05,10.0043,379,1,1.5104,50.0,685.7
769,0.05,0.3099,1862,1,2.3725,50.0,686.6
770,0.05,19.517,434,1,2.4603,50.0,686.7
771,0.05,5.6768,503,1,2.1802,50.0,686.9
772,0.05,9.1296,1585,1,1.9718,50.0,687.6
773,0.0,19.0188,1028,1,2.1228,50.0,687.8
774,0.05,18.3148,586,1,2.6461,50.0,688.0
775,0.0,19.4538,593,1,2.8198,50.0,688.1
776,0.1,-3.1241,1530,1,2.8918,50.0,689.1
777,0.1,2.4379,1138,1,2.7567,50.0,689.8
778,0.0,-1.9571,2000,0,2.886,50.0,690.2
779,0.05,9.7104,572,1,4.7854,50.0,690.4
780,0.0,19.5187,528,1,5.2438,50.0,690.6
781,0.1,-28.5757,2000,0,4.2792,50.0,691.9
782,0.0,19.5377,509,1,4.2864,50.0,692.0
783,0.1,6.6017,961,1,4.0248,50.0,692.6
784,0.0,-2.5673,2000,0,3.8563,50.0,693.0
785,0.0,17.0816,998,1,4.1492,50.0,693.2
786,0.0,19.0838,963,1,4.3566,50.0,693.4
787,0.0,19.4627,584,1,4.7946,50.0,693.6
788,0.0,19.5218,525,1,4.9264,50.0,693.7
789,0.1,13.3193,305,1,5.528,50.0,693.9
790,0.0,-1.9652,2000,0,6.6171,50.0,694.3
791,0.0,19.7537,293,1,6.7461,50.0,694.3
792,0.0,19.4158,631,1,7.7975,50.0,694.5
793,0.05,10.9883,579,1,8.0109,50.0,694.7
794,0.1,11.8713,1239,1,8.2876,50.0,695.5
795,0.0,19.4407,606,1,8.3084,50.0,695.6
796,0.1,-10.5312,1299,1,7.724,50.0,696.4
797,0.0,19.3707,676,1,8.2182,50.0,696.5
798,0.05,2.1298,997,1,8.0159,50.0,697.0
799,0.1,-10.903,1400,1,7.4045,50.0,697.8
800,0.05,19.7547,292,1,7.4265,50.0,750.7
801,0.3,-42.4201,2000,0,6.8004,50.0,754.2
802,0.1,-5.8486,892,1,6.401,50.0,754.8
803,0.05,14.6096,901,1,6.4189,50.0,755.1
804,0.2,-95.4432,2000,0,4.5513,50.0,757.4
805,0.2,-94.616,2000,0,2.6983,50.0,759.6
806,0.25,-86.1363,2000,0,1.3145,50.0,762.3
807,0.25,-116.9188,2000,0,-1.284,50.0,765.0
808,0.0,-1.9608,2000,0,-1.7029,50.0,765.4
809,0.3,-107.8094,2000,0,-4.0457,50.0,768.6
810,0.3,-145.9626,2000,0,-6.9259,50.0,772.1
811,0.05,19.1781,603,1,-6.9055,50.0,772.3
812,0.1,-6.6062,721,1,-7.2265,50.0,772.8
813,0.0,18.5547,1492,1,-7.1241,50.0,773.2
814,0.2,-97.7031,2000,0,-8.9144,50.0,775.5
815,0.0,18.6557,1391,1,-8.4843,50.0,775.7
816,0.1,-31.6039,1430,1,-9.0874,50.0,776.6
817,0.2,-77.1558,2000,0,-10.5677,50.0,778.9
818,0.25,-138.2846,2000,0,-13.5335,50.0,781.5
819,0.15,-59.4107,2000,0,-14.7279,50.0,783.2
820,0.15,-44.9563,2000,0,-16.0174,50.0,785.0
821,0.25,-42.084,1471,1,-16.9726,50.0,787.0
822,0.05,9.026,542,1,-16.9746,50.0,787.2
823,0.0,18.1648,1882,1,-16.9917,50.0,787.6
824,0.2,-133.1422,2000,0,-20.0209,50.0,789.9
825,0.25,-156.0198,2000,0,-23.5303,50.0,792.6
826,0.3,-71.2937,2000,0,-24.8937,50.0,795.9
827,0.25,-87.0868,2000,0,-26.6842,50.0,798.6
828,0.05,9.6789,1214,1,-26.4515,50.0,799.1
829,0.0,17.8459,1029,1,-26.2888,50.0,799.3
830,0.25,-108.3915,2000,0,-28.847,50.0,802.2
831,0.3,-127.4602,2000,0,-30.8247,50.0,805.6
832,0.1,8.7406,1459,1,-31.0406,50.0,806.5
833,0.3,-102.8313,2000,0,-33.2293,50.0,810.2
834,0.25,-81.6234,2000,0,-34.8104,50.0,812.9
835,0.2,-115.7705,1996,1,-37.4674,50.0,815.1
836,0.3,-80.4554,2000,0,-39.4582,50.0,818.4
837,0.0,19.6727,374,1,-39.454,50.0,818.5
838,0.3,-38.3867,2000,0,-40.6122,50.0,821.8
839,0.2,-79.0602,2000,0,-42.4598,50.0,824.0
840,0.3,-81.7407,2000,0,-44.0553,50.0,827.4
841,0.0,-1.9954,2000,0,-44.4903,50.0,827.8
842,0.1,-71.3161,1677,1,-46.3049,50.0,828.8
843,0.2,-61.0966,2000,0,-47.7466,50.0,831.0
844,0.15,-6.5013,983,1,-48.1141,50.0,831.9
845,0.25,-29.7332,2000,0,-49.0975,50.0,834.6
846,0.1,-44.6494,1135,1,-49.7799,50.0,835.4
847,0.0,19.1877,859,1,-49.7836,50.0,835.6
848,0.2,-62.2694,2000,0,-51.0716,50.0,837.8
849,0.25,-75.761,1769,1,-52.3687,50.0,840.4
850,0.1,-3.1602,1973,1,-52.827,50.0,841.8
851,0.0,19.3687,678,1,-51.5912,50.0,841.9
852,0.3,-79.5856,2000,0,-53.066,50.0,845.3
853,0.15,-1.1829,589,1,-53.3818,50.0,845.9
854,0.3,-41.6399,1283,1,-52.3058,50.0,848.0
855,0.15,-86.9472,2000,0,-52.1524,50.0,849.7
856,0.0,19.1228,924,1,-50.0472,50.0,849.8
857,0.15,-46.9361,2000,0,-48.6475,50.0,851.7
858,0.1,-47.5145,2000,0,-49.5586,50.0,853.0
859,0.25,-100.6022,2000,0,-49.4145,50.0,855.5
860,0.3,-29.5793,2000,0,-47.0868,50.0,859.1
861,0.15,-2.0626,1353,1,-47.5116,50.0,860.2
862,0.25,-163.9377,2000,0,-50.6583,50.0,863.1
863,0.05,3.343,485,1,-50.9625,50.0,863.3
864,0.15,-174.303,2000,0,-52.4945,50.0,865.0
865,0.05,17.076,1288,1,-52.5261,50.0,865.6
866,0.25,-111.2825,2000,0,-54.1197,50.0,868.2
867,0.2,-94.294,2000,0,-54.4624,50.0,870.6
868,0.25,-77.4297,1496,1,-53.2453,50.0,872.8
869,0.1,4.3397,1613,1,-51.9703,50.0,873.9
870,0.2,-39.4246,1014,1,-51.8597,50.0,875.0
871,0.3,-147.4284,2000,0,-53.9666,50.0,878.4
872,0.2,-161.2707,2000,0,-57.3725,50.0,880.7
873,0.3,-29.1919,2000,0,-58.3196,50.0,884.2
874,0.15,-18.5009,948,1,-56.0268,50.0,885.0
875,0.15,-53.6858,2000,0,-53.9801,50.0,886.7
876,0.15,4.8973,1603,1,-52.4563,50.0,888.1
877,0.3,-39.2284,2000,0,-51.4991,50.0,891.7
878,0.25,-47.5698,2000,0,-52.6441,50.0,894.4
879,0.2,-75.3015,2000,0,-54.5071,50.0,896.7
880,0.1,10.0964,868,1,-52.1373,50.0,897.2
881,0.1,-16.4838,2000,0,-49.9178,50.0,898.5
882,0.3,-155.2985,2000,0,-53.1986,50.0,901.7
883,0.05,9.647,849,1,-50.949,50.0,902.0
884,0.3,-115.5138,2000,0,-51.6268,50.0,905.7
885,0.0,19.4828,564,1,-48.9217,50.0,905.8
886,0.1,12.2633,1114,1,-47.0674,50.0,906.5
887,0.15,-18.9425,1323,1,-47.8397,50.0,907.7
888,0.05,18.8827,1164,1,-46.6943,50.0,908.2
889,0.3,-58.8133,2000,0,-46.2893,50.0,911.6
890,0.15,-8.3081,1756,1,-44.8207,50.0,913.1
891,0.2,-98.4644,2000,0,-46.7501,50.0,915.4
892,0.2,-50.7895,1235,1,-46.3395,50.0,916.9
893,0.25,-145.3023,2000,0,-48.0236,50.0,919.5
894,0.15,-18.9567,1954,1,-48.2728,50.0,921.1
895,0.1,-3.1171,1258,1,-47.7404,50.0,921.9
896,0.0,19.6868,360,1,-46.4537,50.0,922.0
897,0.15,-18.4981,2000,0,-47.2074,50.0,923.6
898,0.3,-38.3702,2000,0,-46.7294,50.0,927.3
899,0.1,15.462,415,1,-44.905,50.0,927.6
900,0.05,-19.213,1131,1,-45.226,35.0,997.4
901,0.15,-105.288,2000,0,-47.7192,35.0,999.1
902,0.05,16.5319,1730,1,-45.7968,35.0,999.9
903,0.1,-9.1364,1284,1,-45.9559,35.0,1000.7
904,0.3,-137.6553,2000,0,-47.8762,35.0,1004.1
905,0.1,19.4539,468,1,-45.7482,35.0,1004.4
906,0.1,-108.7979,2000,0,-48.3066,35.0,1005.7
907,0.1,-10.5584,1214,1,-47.579,35.0,1006.5
908,0.2,-38.6004,2000,0,-47.4008,35.0,1008.7
909,0.25,-69.3296,2000,0,-46.7753,35.0,1011.4
910,0.1,-3.6677,1830,1,-46.2571,35.0,1012.6
911,0.2,-145.4784,2000,0,-49.1254,35.0,1015.0
912,0.0,19.7878,259,1,-45.4509,35.0,1015.0
913,0.2,-24.7786,2000,0,-46.0133,35.0,1017.1
914,0.05,18.9671,578,1,-42.1479,35.0,1017.4
915,0.0,19.5387,508,1,-42.0987,35.0,1017.5
916,0.05,14.7249,1565,1,-39.5785,35.0,1018.1
917,0.25,-143.1382,2000,0,-40.5554,35.0,1021.1
918,0.15,-121.3496,2000,0,-41.4338,35.0,1022.7
919,0.15,14.0995,698,1,-41.2386,35.0,1023.3
920,0.2,-101.9306,2000,0,-42.4887,35.0,1025.5
921,0.3,-91.6518,2000,0,-41.3732,35.0,1028.7
922,0.05,15.9565,1029,1,-37.8286,35.0,1029.1
923,0.25,-22.4672,2000,0,-37.6941,35.0,1031.8
924,0.15,-5.4451,1078,1,-37.433,35.0,1032.8
925,0.25,-56.8728,1871,1,-37.4968,35.0,1035.3
926,0.25,-150.1241,2000,0,-40.5972,35.0,1038.1
927,0.15,9.5026,1229,1,-39.6226,35.0,1039.2
928,0.15,10.3453,1199,1,-38.4643,35.0,1040.2
929,0.3,-66.2117,2000,0,-38.2825,35.0,1043.5
930,0.0,18.3528,1200,1,-38.1174,35.0,1043.8
931,0.0,19.5387,508,1,-37.3969,35.0,1043.9
932,0.1,-20.131,1821,1,-34.6936,35.0,1045.0
933,0.05,12.5122,615,1,-34.6362,35.0,1045.2
934,0.15,-17.9652,2000,0,-32.6853,35.0,1046.9
935,0.25,-110.2409,2000,0,-35.2798,35.0,1049.6
936,0.05,19.5713,464,1,-35.1336,35.0,1049.9
937,0.1,-1.1549,1094,1,-34.7778,35.0,1050.6
938,0.25,-87.8751,2000,0,-36.913,35.0,1053.3
939,0.2,-117.8669,2000,0,-38.0941,35.0,1055.5
940,0.1,-8.1011,2000,0,-38.0899,35.0,1056.7
941,0.15,-54.6672,2000,0,-37.214,35.0,1058.5
942,0.2,-155.2144,2000,0,-39.3025,35.0,1060.6
943,0.2,-37.1754,2000,0,-37.1399,35.0,1062.8
944,0.1,18.2408,470,1,-36.396,35.0,1063.1
945,0.15,1.2889,1072,1,-36.3079,35.0,1064.0
946,0.25,-124.2729,2000,0,-39.1871,35.0,1066.6
947,0.2,1.4561,1291,1,-38.788,35.0,1068.1
948,0.1,7.507,697,1,-37.8704,35.0,1068.5
949,0.1,3.035,520,1,-38.119,35.0,1068.9
950,0.25,-131.4279,2000,0,-40.3633,35.0,1071.6
951,0.15,4.083,835,1,-38.1759,35.0,1072.4
952,0.1,-5.626,568,1,-38.619,35.0,1072.7
953,0.1,-5.1677,2000,0,-38.5396,35.0,1074.1
954,0.1,0.6469,1226,1,-35.7736,35.0,1074.8
955,0.05,19.1757,445,1,-35.7792,35.0,1075.0
956,0.0,18.7948,1252,1,-33.2273,35.0,1075.3
957,0.25,-70.3369,2000,0,-34.4229,35.0,1078.0
958,0.05,18.7845,741,1,-33.2752,35.0,1078.3
959,0.1,-8.0847,1079,1,-32.0503,35.0,1079.0
960,0.0,16.8072,1035,1,-31.6408,35.0,1079.2
961,0.25,-35.2981,1242,1,-29.4372,35.0,1080.9
962,0.2,-39.2134,1201,1,-30.6172,35.0,1082.2
963,0.3,-146.7479,2000,0,-33.0566,35.0,1085.5
964,0.25,-94.2025,2000,0,-35.32,35.0,1088.2
965,0.05,14.5361,467,1,-35.42,35.0,1088.4
966,0.05,18.1609,1124,1,-35.3513,35.0,1088.9
967,0.05,-4.4633,719,1,-32.5778,35.0,1089.2
968,0.25,-5.3582,1573,1,-30.258,35.0,1091.4
969,0.15,-53.9156,2000,0,-31.6183,35.0,1093.0
970,0.1,16.6155,900,1,-29.2474,35.0,1093.6
971,0.25,-46.1991,2000,0,-28.3383,35.0,1096.5
972,0.2,-101.8471,2000,0,-30.6944,35.0,1098.8
973,0.3,-53.491,2000,0,-31.3149,35.0,1102.2
974,0.2,-140.3096,2000,0,-34.0121,35.0,1104.3
975,0.2,-130.7402,2000,0,-35.4895,35.0,1106.5
976,0.1,-21.8579,2000,0,-32.9242,35.0,1107.9
977,0.0,14.5997,1896,1,-32.8222,35.0,1108.3
978,0.3,-95.0192,2000,0,-34.9295,35.0,1111.6
979,0.05,8.0246,1673,1,-33.4448,35.0,1112.3
980,0.1,-8.9997,1268,1,-33.9918,35.0,1113.1
981,0.05,18.2811,1074,1,-34.017,35.0,1113.6
982,0.1,9.9074,673,1,-33.4162,35.0,1114.0
983,0.05,-1.855,1625,1,-33.7036,35.0,1114.7
984,0.1,4.6001,866,1,-33.2523,35.0,1115.2
985,0.0,19.3418,705,1,-30.6606,35.0,1115.4
986,0.25,-96.7191,2000,0,-32.9864,35.0,1118.1
987,0.2,-83.019,2000,0,-34.6237,35.0,1120.4
988,0.05,10.5633,711,1,-32.6549,35.0,1120.7
989,0.1,5.9378,1490,1,-30.1788,35.0,1121.6
990,0.0,18.1308,1916,1,-29.6542,35.0,1122.0
991,0.0,19.2948,752,1,-28.175,35.0,1122.2
992,0.2,-29.9787,1227,1,-25.6702,35.0,1123.4
993,0.1,-5.2286,735,1,-25.0313,35.0,1123.9
994,0.25,-107.3664,2000,0,-27.5435,35.0,1126.7
995,0.05,15.6366,676,1,-27.2565,35.0,1126.9
996,0.25,-47.6615,1600,1,-25.7243,35.0,1129.2
997,0.3,-170.9036,2000,0,-29.1715,35.0,1132.8
998,0.3,-136.1697,2000,0,-32.045,35.0,1136.0
999,0.15,-27.1545,1586,1,-32.6488,35.0,1137.4
1000,0.0,19.3438,703,1,-29.6334,75.0,1171.0
